"","Metabolite","OR","SE","LCI","UCI","Pval"
"1","M.VLDL.PL..",1.14753996454718,0.028667175151587,1.08473766729899,1.21397828242832,1.58167569520903e-06
"2","S.HDL.C",1.14674417498202,0.0297175219043219,1.08170042187956,1.21569907550763,4.07322163922548e-06
"3","S.HDL.CE",1.14307733000021,0.0292072512313632,1.07934720984942,1.21057039888275,4.68426557859541e-06
"4","Tyr",0.882569346577739,0.0287490508484506,0.83413719502954,0.933813593447387,1.39203125431804e-05
"5","Ile",0.889024976709264,0.0286309602145221,0.840439649702986,0.9404189931927,3.98258368977063e-05
"6","SFA.FA",0.889491017145428,0.0294433672731229,0.839510844335588,0.942446753274023,6.96945813534034e-05
"7","XS.VLDL.PL..",1.12313134170917,0.0303587502709017,1.05804588430372,1.19222051656064,0.000130799973081801
"8","Leu",0.897230646354288,0.0285517822448214,0.848324842359527,0.948955862848772,0.000145813722789025
